Sex,AgeMin(year),AgeMax(year),Nutrient,DRI,Unit(/d),DRI_available,Upper_intake
Neutral,0,0.5,Calcium,200*,mg,0,1000.00
Neutral,0.5,1,Calcium,260*,mg,0,1500.00
Neutral,1,3,Calcium,700,mg,1,2500.00
Neutral,4,8,Calcium,1000,mg,1,2500.00
Male,9,13,Calcium,1300,mg,1,3000.00
Male,14,18,Calcium,1300,mg,1,3000.00
Male,19,30,Calcium,1000,mg,1,2500.00
Male,31,50,Calcium,1000,mg,1,2500.00
Male,51,70,Calcium,1000,mg,1,2000.00
Male,70,200,Calcium,1200,mg,1,2000.00
Female,9,13,Calcium,1300,mg,1,3000.00
Female,14,18,Calcium,1300,mg,1,3000.00
Female,19,30,Calcium,1000,mg,1,2500.00
Female,31,50,Calcium,1000,mg,1,2500.00
Female,51,70,Calcium,1200,mg,1,2000.00
Female,70,200,Calcium,1200,mg,1,2000.00
Pregnancy,14,18,Calcium,1300,mg,1,3000.00
Pregnancy,19,30,Calcium,1000,mg,1,2500.00
Pregnancy,31,50,Calcium,1000,mg,1,2500.00
Lactation,14,18,Calcium,1300,mg,1,3000.00
Lactation,19,30,Calcium,1000,mg,1,2500.00
Lactation,31,50,Calcium,1000,mg,1,2500.00
Neutral,0,0.5,Chromium,200*,ug,0,NA
Neutral,0.5,1,Chromium,260*,ug,0,NA
Neutral,1,3,Chromium,700,ug,1,NA
Neutral,4,8,Chromium,1000,ug,1,NA
Male,9,13,Chromium,1300,ug,1,NA
Male,14,18,Chromium,1300,ug,1,NA
Male,19,30,Chromium,1000,ug,1,NA
Male,31,50,Chromium,1000,ug,1,NA
Male,51,70,Chromium,1000,ug,1,NA
Male,70,200,Chromium,1200,ug,1,NA
Female,9,13,Chromium,1300,ug,1,NA
Female,14,18,Chromium,1300,ug,1,NA
Female,19,30,Chromium,1000,ug,1,NA
Female,31,50,Chromium,1000,ug,1,NA
Female,51,70,Chromium,1200,ug,1,NA
Female,70,200,Chromium,1200,ug,1,NA
Pregnancy,14,18,Chromium,1300,ug,1,NA
Pregnancy,19,30,Chromium,1000,ug,1,NA
Pregnancy,31,50,Chromium,1000,ug,1,NA
Lactation,14,18,Chromium,1300,ug,1,NA
Lactation,19,30,Chromium,1000,ug,1,NA
Lactation,31,50,Chromium,1000,ug,1,NA
Neutral,0,0.5,Copper,200*,ug,0,NA
Neutral,0.5,1,Copper,220*,ug,0,NA
Neutral,1,3,Copper,340,ug,1,1000.00
Neutral,4,8,Copper,440,ug,1,3000.00
Male,9,13,Copper,700,ug,1,5000.00
Male,14,18,Copper,890,ug,1,8000.00
Male,19,30,Copper,900,ug,1,10000.00
Male,31,50,Copper,900,ug,1,10000.00
Male,51,70,Copper,900,ug,1,10000.00
Male,70,200,Copper,900,ug,1,10000.00
Female,9,13,Copper,700,ug,1,5000.00
Female,14,18,Copper,890,ug,1,8000.00
Female,19,30,Copper,900,ug,1,10000.00
Female,31,50,Copper,900,ug,1,10000.00
Female,51,70,Copper,900,ug,1,10000.00
Female,70,200,Copper,900,ug,1,10000.00
Pregnancy,14,18,Copper,1000,ug,1,8000.00
Pregnancy,19,30,Copper,1000,ug,1,10000.00
Pregnancy,31,50,Copper,1000,ug,1,10000.00
Lactation,14,18,Copper,1300,ug,1,8000.00
Lactation,19,30,Copper,1300,ug,1,10000.00
Lactation,31,50,Copper,1300,ug,1,10000.00
Neutral,0,0.5,Fluoride,0.01*,mg,0,0.70
Neutral,0.5,1,Fluoride,0.5*,mg,0,0.90
Neutral,1,3,Fluoride,0.7*,mg,0,1.30
Neutral,4,8,Fluoride,1*,mg,0,2.20
Male,9,13,Fluoride,2*,mg,0,10.00
Male,14,18,Fluoride,3*,mg,0,10.00
Male,19,30,Fluoride,4*,mg,0,10.00
Male,31,50,Fluoride,4*,mg,0,10.00
Male,51,70,Fluoride,4*,mg,0,10.00
Male,70,200,Fluoride,4*,mg,0,10.00
Female,9,13,Fluoride,2*,mg,0,10.00
Female,14,18,Fluoride,3*,mg,0,10.00
Female,19,30,Fluoride,3*,mg,0,10.00
Female,31,50,Fluoride,3*,mg,0,10.00
Female,51,70,Fluoride,3*,mg,0,10.00
Female,70,200,Fluoride,3*,mg,0,10.00
Pregnancy,14,18,Fluoride,3*,mg,0,10.00
Pregnancy,19,30,Fluoride,3*,mg,0,10.00
Pregnancy,31,50,Fluoride,3*,mg,0,10.00
Lactation,14,18,Fluoride,3*,mg,0,10.00
Lactation,19,30,Fluoride,3*,mg,0,10.00
Lactation,31,50,Fluoride,3*,mg,0,10.00
Neutral,0,0.5,Iodine,110*,ug,0,NA
Neutral,0.5,1,Iodine,130*,ug,0,NA
Neutral,1,3,Iodine,90,ug,1,200.00
Neutral,4,8,Iodine,90,ug,1,300.00
Male,9,13,Iodine,120,ug,1,600.00
Male,14,18,Iodine,150,ug,1,900.00
Male,19,30,Iodine,150,ug,1,1100.00
Male,31,50,Iodine,150,ug,1,1100.00
Male,51,70,Iodine,150,ug,1,1100.00
Male,70,200,Iodine,150,ug,1,1100.00
Female,9,13,Iodine,120,ug,1,600.00
Female,14,18,Iodine,150,ug,1,900.00
Female,19,30,Iodine,150,ug,1,1100.00
Female,31,50,Iodine,150,ug,1,1100.00
Female,51,70,Iodine,150,ug,1,1100.00
Female,70,200,Iodine,150,ug,1,1100.00
Pregnancy,14,18,Iodine,220,ug,1,900.00
Pregnancy,19,30,Iodine,220,ug,1,1100.00
Pregnancy,31,50,Iodine,220,ug,1,1100.00
Lactation,14,18,Iodine,290,ug,1,900.00
Lactation,19,30,Iodine,290,ug,1,1100.00
Lactation,31,50,Iodine,290,ug,1,1100.00
Neutral,0,0.5,Iron,0.27*,mg,0,40.00
Neutral,0.5,1,Iron,11,mg,1,40.00
Neutral,1,3,Iron,7,mg,1,40.00
Neutral,4,8,Iron,10,mg,1,40.00
Male,9,13,Iron,8,mg,1,40.00
Male,14,18,Iron,11,mg,1,45.00
Male,19,30,Iron,8,mg,1,45.00
Male,31,50,Iron,8,mg,1,45.00
Male,51,70,Iron,8,mg,1,45.00
Male,70,200,Iron,8,mg,1,45.00
Female,9,13,Iron,8,mg,1,40.00
Female,14,18,Iron,15,mg,1,45.00
Female,19,30,Iron,18,mg,1,45.00
Female,31,50,Iron,18,mg,1,45.00
Female,51,70,Iron,8,mg,1,45.00
Female,70,200,Iron,8,mg,1,45.00
Pregnancy,14,18,Iron,27,mg,1,45.00
Pregnancy,19,30,Iron,27,mg,1,45.00
Pregnancy,31,50,Iron,27,mg,1,45.00
Lactation,14,18,Iron,10,mg,1,45.00
Lactation,19,30,Iron,9,mg,1,45.00
Lactation,31,50,Iron,9,mg,1,45.00
Neutral,0,0.5,Magnesium,30*,mg,0,NA
Neutral,0.5,1,Magnesium,75*,mg,0,NA
Neutral,1,3,Magnesium,80,mg,1,65.00
Neutral,4,8,Magnesium,130,mg,1,110.00
Male,9,13,Magnesium,240,mg,1,350.00
Male,14,18,Magnesium,410,mg,1,350.00
Male,19,30,Magnesium,400,mg,1,350.00
Male,31,50,Magnesium,420,mg,1,350.00
Male,51,70,Magnesium,420,mg,1,350.00
Male,70,200,Magnesium,420,mg,1,350.00
Female,9,13,Magnesium,240,mg,1,350.00
Female,14,18,Magnesium,360,mg,1,350.00
Female,19,30,Magnesium,310,mg,1,350.00
Female,31,50,Magnesium,320,mg,1,350.00
Female,51,70,Magnesium,320,mg,1,350.00
Female,70,200,Magnesium,320,mg,1,350.00
Pregnancy,14,18,Magnesium,400,mg,1,350.00
Pregnancy,19,30,Magnesium,350,mg,1,350.00
Pregnancy,31,50,Magnesium,360,mg,1,350.00
Lactation,14,18,Magnesium,360,mg,1,350.00
Lactation,19,30,Magnesium,310,mg,1,350.00
Lactation,31,50,Magnesium,320,mg,1,350.00
Neutral,0,0.5,Manganese,0.003*,mg,0,NA
Neutral,0.5,1,Manganese,0.6*,mg,0,NA
Neutral,1,3,Manganese,1.2*,mg,0,2.00
Neutral,4,8,Manganese,1.5*,mg,0,3.00
Male,9,13,Manganese,1.9*,mg,0,6.00
Male,14,18,Manganese,2.2*,mg,0,9.00
Male,19,30,Manganese,2.3*,mg,0,11.00
Male,31,50,Manganese,2.3*,mg,0,11.00
Male,51,70,Manganese,2.3*,mg,0,11.00
Male,70,200,Manganese,2.3*,mg,0,11.00
Female,9,13,Manganese,1.6*,mg,0,6.00
Female,14,18,Manganese,1.6*,mg,0,9.00
Female,19,30,Manganese,1.8*,mg,0,11.00
Female,31,50,Manganese,1.8*,mg,0,11.00
Female,51,70,Manganese,1.8*,mg,0,11.00
Female,70,200,Manganese,1.8*,mg,0,11.00
Pregnancy,14,18,Manganese,2.0*,mg,0,9.00
Pregnancy,19,30,Manganese,2.0*,mg,0,11.00
Pregnancy,31,50,Manganese,2.0*,mg,0,11.00
Lactation,14,18,Manganese,2.6*,mg,0,9.00
Lactation,19,30,Manganese,2.6*,mg,0,11.00
Lactation,31,50,Manganese,2.6*,mg,0,11.00
Neutral,0,0.5,Molybdenum,2*,ug,0,NA
Neutral,0.5,1,Molybdenum,3*,ug,0,NA
Neutral,1,3,Molybdenum,17,ug,1,300.00
Neutral,4,8,Molybdenum,22,ug,1,600.00
Male,9,13,Molybdenum,34,ug,1,1100.00
Male,14,18,Molybdenum,43,ug,1,1700.00
Male,19,30,Molybdenum,45,ug,1,2000.00
Male,31,50,Molybdenum,45,ug,1,2000.00
Male,51,70,Molybdenum,45,ug,1,2000.00
Male,70,200,Molybdenum,45,ug,1,2000.00
Female,9,13,Molybdenum,34,ug,1,1100.00
Female,14,18,Molybdenum,43,ug,1,1700.00
Female,19,30,Molybdenum,45,ug,1,2000.00
Female,31,50,Molybdenum,45,ug,1,2000.00
Female,51,70,Molybdenum,45,ug,1,2000.00
Female,70,200,Molybdenum,45,ug,1,2000.00
Pregnancy,14,18,Molybdenum,50,ug,1,1700.00
Pregnancy,19,30,Molybdenum,50,ug,1,2000.00
Pregnancy,31,50,Molybdenum,50,ug,1,2000.00
Lactation,14,18,Molybdenum,50,ug,1,1700.00
Lactation,19,30,Molybdenum,50,ug,1,2000.00
Lactation,31,50,Molybdenum,50,ug,1,2000.00
Neutral,0,0.5,Phosphorus,100*,mg,0,NA
Neutral,0.5,1,Phosphorus,275*,mg,0,NA
Neutral,1,3,Phosphorus,460,mg,1,3.00
Neutral,4,8,Phosphorus,500,mg,1,3.00
Male,9,13,Phosphorus,1250,mg,1,4.00
Male,14,18,Phosphorus,1250,mg,1,4.00
Male,19,30,Phosphorus,700,mg,1,4.00
Male,31,50,Phosphorus,700,mg,1,4.00
Male,51,70,Phosphorus,700,mg,1,4.00
Male,70,200,Phosphorus,700,mg,1,3.00
Female,9,13,Phosphorus,1250,mg,1,4.00
Female,14,18,Phosphorus,1250,mg,1,4.00
Female,19,30,Phosphorus,700,mg,1,4.00
Female,31,50,Phosphorus,700,mg,1,4.00
Female,51,70,Phosphorus,700,mg,1,4.00
Female,70,200,Phosphorus,700,mg,1,3.00
Pregnancy,14,18,Phosphorus,1250,mg,1,3.50
Pregnancy,19,30,Phosphorus,700,mg,1,3.50
Pregnancy,31,50,Phosphorus,700,mg,1,3.50
Lactation,14,18,Phosphorus,1250,mg,1,4.00
Lactation,19,30,Phosphorus,700,mg,1,4.00
Lactation,31,50,Phosphorus,700,mg,1,4.00
Neutral,0,0.5,Selenium,15*,ug,0,45.00
Neutral,0.5,1,Selenium,20*,ug,0,60.00
Neutral,1,3,Selenium,20,ug,1,90.00
Neutral,4,8,Selenium,30,ug,1,150.00
Male,9,13,Selenium,40,ug,1,280.00
Male,14,18,Selenium,55,ug,1,400.00
Male,19,30,Selenium,55,ug,1,400.00
Male,31,50,Selenium,55,ug,1,400.00
Male,51,70,Selenium,55,ug,1,400.00
Male,70,200,Selenium,55,ug,1,400.00
Female,9,13,Selenium,40,ug,1,280.00
Female,14,18,Selenium,55,ug,1,400.00
Female,19,30,Selenium,55,ug,1,400.00
Female,31,50,Selenium,55,ug,1,400.00
Female,51,70,Selenium,55,ug,1,400.00
Female,70,200,Selenium,55,ug,1,400.00
Pregnancy,14,18,Selenium,60,ug,1,400.00
Pregnancy,19,30,Selenium,60,ug,1,400.00
Pregnancy,31,50,Selenium,60,ug,1,400.00
Lactation,14,18,Selenium,70,ug,1,400.00
Lactation,19,30,Selenium,70,ug,1,400.00
Lactation,31,50,Selenium,70,ug,1,400.00
Neutral,0,0.5,Zinc,2*,mg,0,4.00
Neutral,0.5,1,Zinc,3,mg,1,5.00
Neutral,1,3,Zinc,3,mg,1,7.00
Neutral,4,8,Zinc,5,mg,1,12.00
Male,9,13,Zinc,8,mg,1,23.00
Male,14,18,Zinc,11,mg,1,34.00
Male,19,30,Zinc,11,mg,1,40.00
Male,31,50,Zinc,11,mg,1,40.00
Male,51,70,Zinc,11,mg,1,40.00
Male,70,200,Zinc,11,mg,1,40.00
Female,9,13,Zinc,8,mg,1,23.00
Female,14,18,Zinc,9,mg,1,34.00
Female,19,30,Zinc,8,mg,1,40.00
Female,31,50,Zinc,8,mg,1,40.00
Female,51,70,Zinc,8,mg,1,40.00
Female,70,200,Zinc,8,mg,1,40.00
Pregnancy,14,18,Zinc,12,mg,1,34.00
Pregnancy,19,30,Zinc,11,mg,1,40.00
Pregnancy,31,50,Zinc,11,mg,1,40.00
Lactation,14,18,Zinc,13,mg,1,34.00
Lactation,19,30,Zinc,12,mg,1,40.00
Lactation,31,50,Zinc,12,mg,1,40.00
Neutral,0,0.5,Potassium,0.4*,g,0,NA
Neutral,0.5,1,Potassium,0.7*,g,0,NA
Neutral,1,3,Potassium,3.0*,g,0,NA
Neutral,4,8,Potassium,3.8*,g,0,NA
Male,9,13,Potassium,4.5*,g,0,NA
Male,14,18,Potassium,4.7*,g,0,NA
Male,19,30,Potassium,4.7*,g,0,NA
Male,31,50,Potassium,4.7*,g,0,NA
Male,51,70,Potassium,4.7*,g,0,NA
Male,70,200,Potassium,4.7*,g,0,NA
Female,9,13,Potassium,4.5*,g,0,NA
Female,14,18,Potassium,4.7*,g,0,NA
Female,19,30,Potassium,4.7*,g,0,NA
Female,31,50,Potassium,4.7*,g,0,NA
Female,51,70,Potassium,4.7*,g,0,NA
Female,70,200,Potassium,4.7*,g,0,NA
Pregnancy,14,18,Potassium,4.7*,g,0,NA
Pregnancy,19,30,Potassium,4.7*,g,0,NA
Pregnancy,31,50,Potassium,4.7*,g,0,NA
Lactation,14,18,Potassium,5.1*,g,0,NA
Lactation,19,30,Potassium,5.1*,g,0,NA
Lactation,31,50,Potassium,5.1*,g,0,NA
Neutral,0,0.5,Sodium,0.12*,g,0,NA
Neutral,0.5,1,Sodium,0.37*,g,0,NA
Neutral,1,3,Sodium,1.0*,g,0,1.50
Neutral,4,8,Sodium,1.2*,g,0,1.90
Male,9,13,Sodium,1.5*,g,0,2.20
Male,14,18,Sodium,1.5*,g,0,2.30
Male,19,30,Sodium,1.5*,g,0,2.30
Male,31,50,Sodium,1.5*,g,0,2.30
Male,51,70,Sodium,1.3*,g,0,2.30
Male,70,200,Sodium,1.2*,g,0,2.30
Female,9,13,Sodium,1.5*,g,0,2.20
Female,14,18,Sodium,1.5*,g,0,2.30
Female,19,30,Sodium,1.5*,g,0,2.30
Female,31,50,Sodium,1.5*,g,0,2.30
Female,51,70,Sodium,1.3*,g,0,2.30
Female,70,200,Sodium,1.2*,g,0,2.30
Pregnancy,14,18,Sodium,1.5*,g,0,2.30
Pregnancy,19,30,Sodium,1.5*,g,0,2.30
Pregnancy,31,50,Sodium,1.5*,g,0,2.30
Lactation,14,18,Sodium,1.5*,g,0,2.30
Lactation,19,30,Sodium,1.5*,g,0,2.30
Lactation,31,50,Sodium,1.5*,g,0,2.30
Neutral,0,0.5,Chloride,0.18*,g,0,NA
Neutral,0.5,1,Chloride,0.57*,g,0,NA
Neutral,1,3,Chloride,1.5*,g,0,2.30
Neutral,4,8,Chloride,1.9*,g,0,2.90
Male,9,13,Chloride,2.3*,g,0,3.40
Male,14,18,Chloride,2.3*,g,0,3.60
Male,19,30,Chloride,2.3*,g,0,3.60
Male,31,50,Chloride,2.3*,g,0,3.60
Male,51,70,Chloride,2.0*,g,0,3.60
Male,70,200,Chloride,1.8*,g,0,3.60
Female,9,13,Chloride,2.3*,g,0,3.40
Female,14,18,Chloride,2.3*,g,0,3.60
Female,19,30,Chloride,2.3*,g,0,3.60
Female,31,50,Chloride,2.3*,g,0,3.60
Female,51,70,Chloride,2.0*,g,0,3.60
Female,70,200,Chloride,1.8*,g,0,3.60
Pregnancy,14,18,Chloride,2.3*,g,0,3.60
Pregnancy,19,30,Chloride,2.3*,g,0,3.60
Pregnancy,31,50,Chloride,2.3*,g,0,3.60
Lactation,14,18,Chloride,2.3*,g,0,3.60
Lactation,19,30,Chloride,2.3*,g,0,3.60
Lactation,31,50,Chloride,2.3*,g,0,3.60
Neutral,0,0.5,Vitamin A,400*,ug,0,600.00
Neutral,0.5,1,Vitamin A,500*,ug,0,600.00
Neutral,1,3,Vitamin A,300,ug,1,600.00
Neutral,4,8,Vitamin A,400,ug,1,900.00
Male,9,13,Vitamin A,600,ug,1,1700.00
Male,14,18,Vitamin A,900,ug,1,2800.00
Male,19,30,Vitamin A,900,ug,1,3000.00
Male,31,50,Vitamin A,900,ug,1,3000.00
Male,51,70,Vitamin A,900,ug,1,3000.00
Male,70,200,Vitamin A,900,ug,1,3000.00
Female,9,13,Vitamin A,600,ug,1,1700.00
Female,14,18,Vitamin A,700,ug,1,2800.00
Female,19,30,Vitamin A,700,ug,1,3000.00
Female,31,50,Vitamin A,700,ug,1,3000.00
Female,51,70,Vitamin A,700,ug,1,3000.00
Female,70,200,Vitamin A,700,ug,1,3000.00
Pregnancy,14,18,Vitamin A,750,ug,1,2800.00
Pregnancy,19,30,Vitamin A,770,ug,1,3000.00
Pregnancy,31,50,Vitamin A,770,ug,1,3000.00
Lactation,14,18,Vitamin A,1200,ug,1,2800.00
Lactation,19,30,Vitamin A,1300,ug,1,3000.00
Lactation,31,50,Vitamin A,1300,ug,1,3000.00
Neutral,0,0.5,Vitamin C,40*,mg,0,NA
Neutral,0.5,1,Vitamin C,50*,mg,0,NA
Neutral,1,3,Vitamin C,15,mg,1,400.00
Neutral,4,8,Vitamin C,25,mg,1,650.00
Male,9,13,Vitamin C,45,mg,1,1200.00
Male,14,18,Vitamin C,75,mg,1,1800.00
Male,19,30,Vitamin C,90,mg,1,2000.00
Male,31,50,Vitamin C,90,mg,1,2000.00
Male,51,70,Vitamin C,90,mg,1,2000.00
Male,70,200,Vitamin C,90,mg,1,2000.00
Female,9,13,Vitamin C,45,mg,1,1200.00
Female,14,18,Vitamin C,65,mg,1,1800.00
Female,19,30,Vitamin C,75,mg,1,2000.00
Female,31,50,Vitamin C,75,mg,1,2000.00
Female,51,70,Vitamin C,75,mg,1,2000.00
Female,70,200,Vitamin C,75,mg,1,2000.00
Pregnancy,14,18,Vitamin C,80,mg,1,1800.00
Pregnancy,19,30,Vitamin C,85,mg,1,2000.00
Pregnancy,31,50,Vitamin C,85,mg,1,2000.00
Lactation,14,18,Vitamin C,115,mg,1,1800.00
Lactation,19,30,Vitamin C,120,mg,1,2000.00
Lactation,31,50,Vitamin C,120,mg,1,2000.00
Neutral,0,0.5,Vitamin D,10*,ug,0,25.00
Neutral,0.5,1,Vitamin D,10*,ug,0,38.00
Neutral,1,3,Vitamin D,15,ug,1,63.00
Neutral,4,8,Vitamin D,15,ug,1,75.00
Male,9,13,Vitamin D,15,ug,1,100.00
Male,14,18,Vitamin D,15,ug,1,100.00
Male,19,30,Vitamin D,15,ug,1,100.00
Male,31,50,Vitamin D,15,ug,1,100.00
Male,51,70,Vitamin D,15,ug,1,100.00
Male,70,200,Vitamin D,20,ug,1,100.00
Female,9,13,Vitamin D,15,ug,1,100.00
Female,14,18,Vitamin D,15,ug,1,100.00
Female,19,30,Vitamin D,15,ug,1,100.00
Female,31,50,Vitamin D,15,ug,1,100.00
Female,51,70,Vitamin D,15,ug,1,100.00
Female,70,200,Vitamin D,20,ug,1,100.00
Pregnancy,14,18,Vitamin D,15,ug,1,100.00
Pregnancy,19,30,Vitamin D,15,ug,1,100.00
Pregnancy,31,50,Vitamin D,15,ug,1,100.00
Lactation,14,18,Vitamin D,15,ug,1,100.00
Lactation,19,30,Vitamin D,15,ug,1,100.00
Lactation,31,50,Vitamin D,15,ug,1,100.00
Neutral,0,0.5,Vitamin E,4*,mg,0,NA
Neutral,0.5,1,Vitamin E,5*,mg,0,NA
Neutral,1,3,Vitamin E,6,mg,1,200.00
Neutral,4,8,Vitamin E,7,mg,1,300.00
Male,9,13,Vitamin E,11,mg,1,600.00
Male,14,18,Vitamin E,15,mg,1,800.00
Male,19,30,Vitamin E,15,mg,1,1000.00
Male,31,50,Vitamin E,15,mg,1,1000.00
Male,51,70,Vitamin E,15,mg,1,1000.00
Male,70,200,Vitamin E,15,mg,1,1000.00
Female,9,13,Vitamin E,11,mg,1,600.00
Female,14,18,Vitamin E,15,mg,1,800.00
Female,19,30,Vitamin E,15,mg,1,1000.00
Female,31,50,Vitamin E,15,mg,1,1000.00
Female,51,70,Vitamin E,15,mg,1,1000.00
Female,70,200,Vitamin E,15,mg,1,1000.00
Pregnancy,14,18,Vitamin E,15,mg,1,800.00
Pregnancy,19,30,Vitamin E,15,mg,1,1000.00
Pregnancy,31,50,Vitamin E,15,mg,1,1000.00
Lactation,14,18,Vitamin E,19,mg,1,800.00
Lactation,19,30,Vitamin E,19,mg,1,1000.00
Lactation,31,50,Vitamin E,19,mg,1,1000.00
Neutral,0,0.5,Vitamin K,2.0*,ug,0,NA
Neutral,0.5,1,Vitamin K,2.5*,ug,0,NA
Neutral,1,3,Vitamin K,30*,ug,0,NA
Neutral,4,8,Vitamin K,55*,ug,0,NA
Male,9,13,Vitamin K,60*,ug,0,NA
Male,14,18,Vitamin K,75*,ug,0,NA
Male,19,30,Vitamin K,120*,ug,0,NA
Male,31,50,Vitamin K,120*,ug,0,NA
Male,51,70,Vitamin K,120*,ug,0,NA
Male,70,200,Vitamin K,120*,ug,0,NA
Female,9,13,Vitamin K,60*,ug,0,NA
Female,14,18,Vitamin K,75*,ug,0,NA
Female,19,30,Vitamin K,90*,ug,0,NA
Female,31,50,Vitamin K,90*,ug,0,NA
Female,51,70,Vitamin K,90*,ug,0,NA
Female,70,200,Vitamin K,90*,ug,0,NA
Pregnancy,14,18,Vitamin K,75*,ug,0,NA
Pregnancy,19,30,Vitamin K,90*,ug,0,NA
Pregnancy,31,50,Vitamin K,90*,ug,0,NA
Lactation,14,18,Vitamin K,75*,ug,0,NA
Lactation,19,30,Vitamin K,90*,ug,0,NA
Lactation,31,50,Vitamin K,90*,ug,0,NA
Neutral,0,0.5,Thiamin,0.2*,mg,0,NA
Neutral,0.5,1,Thiamin,0.3*,mg,0,NA
Neutral,1,3,Thiamin,0.5,mg,1,NA
Neutral,4,8,Thiamin,0.6,mg,1,NA
Male,9,13,Thiamin,0.9,mg,1,NA
Male,14,18,Thiamin,1.2,mg,1,NA
Male,19,30,Thiamin,1.2,mg,1,NA
Male,31,50,Thiamin,1.2,mg,1,NA
Male,51,70,Thiamin,1.2,mg,1,NA
Male,70,200,Thiamin,1.2,mg,1,NA
Female,9,13,Thiamin,0.9,mg,1,NA
Female,14,18,Thiamin,1,mg,1,NA
Female,19,30,Thiamin,1.1,mg,1,NA
Female,31,50,Thiamin,1.1,mg,1,NA
Female,51,70,Thiamin,1.1,mg,1,NA
Female,70,200,Thiamin,1.1,mg,1,NA
Pregnancy,14,18,Thiamin,1.4,mg,1,NA
Pregnancy,19,30,Thiamin,1.4,mg,1,NA
Pregnancy,31,50,Thiamin,1.4,mg,1,NA
Lactation,14,18,Thiamin,1.4,mg,1,NA
Lactation,19,30,Thiamin,1.4,mg,1,NA
Lactation,31,50,Thiamin,1.4,mg,1,NA
Neutral,0,0.5,Riboflavin,0.3*,mg,0,NA
Neutral,0.5,1,Riboflavin,0.4*,mg,0,NA
Neutral,1,3,Riboflavin,0.5,mg,1,NA
Neutral,4,8,Riboflavin,0.6,mg,1,NA
Male,9,13,Riboflavin,0.9,mg,1,NA
Male,14,18,Riboflavin,1.3,mg,1,NA
Male,19,30,Riboflavin,1.3,mg,1,NA
Male,31,50,Riboflavin,1.3,mg,1,NA
Male,51,70,Riboflavin,1.3,mg,1,NA
Male,70,200,Riboflavin,1.3,mg,1,NA
Female,9,13,Riboflavin,0.9,mg,1,NA
Female,14,18,Riboflavin,1,mg,1,NA
Female,19,30,Riboflavin,1.1,mg,1,NA
Female,31,50,Riboflavin,1.1,mg,1,NA
Female,51,70,Riboflavin,1.1,mg,1,NA
Female,70,200,Riboflavin,1.1,mg,1,NA
Pregnancy,14,18,Riboflavin,1.4,mg,1,NA
Pregnancy,19,30,Riboflavin,1.4,mg,1,NA
Pregnancy,31,50,Riboflavin,1.4,mg,1,NA
Lactation,14,18,Riboflavin,1.6,mg,1,NA
Lactation,19,30,Riboflavin,1.6,mg,1,NA
Lactation,31,50,Riboflavin,1.6,mg,1,NA
Neutral,0,0.5,Niacin,2*,mg,0,NA
Neutral,0.5,1,Niacin,4*,mg,0,NA
Neutral,1,3,Niacin,6,mg,1,10.00
Neutral,4,8,Niacin,8,mg,1,15.00
Male,9,13,Niacin,12,mg,1,20.00
Male,14,18,Niacin,16,mg,1,30.00
Male,19,30,Niacin,16,mg,1,35.00
Male,31,50,Niacin,16,mg,1,35.00
Male,51,70,Niacin,16,mg,1,35.00
Male,70,200,Niacin,16,mg,1,35.00
Female,9,13,Niacin,12,mg,1,20.00
Female,14,18,Niacin,14,mg,1,30.00
Female,19,30,Niacin,14,mg,1,35.00
Female,31,50,Niacin,14,mg,1,35.00
Female,51,70,Niacin,14,mg,1,35.00
Female,70,200,Niacin,14,mg,1,35.00
Pregnancy,14,18,Niacin,18,mg,1,30.00
Pregnancy,19,30,Niacin,18,mg,1,35.00
Pregnancy,31,50,Niacin,18,mg,1,35.00
Lactation,14,18,Niacin,17,mg,1,30.00
Lactation,19,30,Niacin,17,mg,1,35.00
Lactation,31,50,Niacin,17,mg,1,35.00
Neutral,0,0.5,Vitamin B6,0.1*,mg,0,NA
Neutral,0.5,1,Vitamin B6,0.3*,mg,0,NA
Neutral,1,3,Vitamin B6,0.5,mg,1,30.00
Neutral,4,8,Vitamin B6,0.6,mg,1,40.00
Male,9,13,Vitamin B6,1,mg,1,60.00
Male,14,18,Vitamin B6,1.3,mg,1,80.00
Male,19,30,Vitamin B6,1.3,mg,1,100.00
Male,31,50,Vitamin B6,1.3,mg,1,100.00
Male,51,70,Vitamin B6,1.7,mg,1,100.00
Male,70,200,Vitamin B6,1.7,mg,1,100.00
Female,9,13,Vitamin B6,1,mg,1,60.00
Female,14,18,Vitamin B6,1.2,mg,1,80.00
Female,19,30,Vitamin B6,1.3,mg,1,100.00
Female,31,50,Vitamin B6,1.3,mg,1,100.00
Female,51,70,Vitamin B6,1.5,mg,1,100.00
Female,70,200,Vitamin B6,1.5,mg,1,100.00
Pregnancy,14,18,Vitamin B6,1.9,mg,1,80.00
Pregnancy,19,30,Vitamin B6,1.9,mg,1,100.00
Pregnancy,31,50,Vitamin B6,1.9,mg,1,100.00
Lactation,14,18,Vitamin B6,2,mg,1,80.00
Lactation,19,30,Vitamin B6,2,mg,1,100.00
Lactation,31,50,Vitamin B6,2,mg,1,100.00
Neutral,0,0.5,Folate,65*,ug,0,NA
Neutral,0.5,1,Folate,80*,ug,0,NA
Neutral,1,3,Folate,150,ug,1,300.00
Neutral,4,8,Folate,200,ug,1,400.00
Male,9,13,Folate,300,ug,1,600.00
Male,14,18,Folate,400,ug,1,800.00
Male,19,30,Folate,400,ug,1,1000.00
Male,31,50,Folate,400,ug,1,1000.00
Male,51,70,Folate,400,ug,1,1000.00
Male,70,200,Folate,400,ug,1,1000.00
Female,9,13,Folate,300,ug,1,600.00
Female,14,18,Folate,400i,ug,0,800.00
Female,19,30,Folate,400i,ug,0,1000.00
Female,31,50,Folate,400i,ug,0,1000.00
Female,51,70,Folate,400,ug,1,1000.00
Female,70,200,Folate,400,ug,1,1000.00
Pregnancy,14,18,Folate,600j,ug,0,800.00
Pregnancy,19,30,Folate,600j,ug,0,1000.00
Pregnancy,31,50,Folate,600j,ug,0,1000.00
Lactation,14,18,Folate,500,ug,1,800.00
Lactation,19,30,Folate,500,ug,1,1000.00
Lactation,31,50,Folate,500,ug,1,1000.00
Neutral,0,0.5,Vitamin B12,0.4*,ug,0,NA
Neutral,0.5,1,Vitamin B12,0.5*,ug,0,NA
Neutral,1,3,Vitamin B12,0.9,ug,1,NA
Neutral,4,8,Vitamin B12,1.2,ug,1,NA
Male,9,13,Vitamin B12,1.8,ug,1,NA
Male,14,18,Vitamin B12,2.4,ug,1,NA
Male,19,30,Vitamin B12,2.4,ug,1,NA
Male,31,50,Vitamin B12,2.4,ug,1,NA
Male,51,70,Vitamin B12,2.4h,ug,0,NA
Male,70,200,Vitamin B12,2.4h,ug,0,NA
Female,9,13,Vitamin B12,1.8,ug,1,NA
Female,14,18,Vitamin B12,2.4,ug,1,NA
Female,19,30,Vitamin B12,2.4,ug,1,NA
Female,31,50,Vitamin B12,2.4,ug,1,NA
Female,51,70,Vitamin B12,2.4h,ug,0,NA
Female,70,200,Vitamin B12,2.4h,ug,0,NA
Pregnancy,14,18,Vitamin B12,2.6,ug,1,NA
Pregnancy,19,30,Vitamin B12,2.6,ug,1,NA
Pregnancy,31,50,Vitamin B12,2.6,ug,1,NA
Lactation,14,18,Vitamin B12,2.8,ug,1,NA
Lactation,19,30,Vitamin B12,2.8,ug,1,NA
Lactation,31,50,Vitamin B12,2.8,ug,1,NA
Neutral,0,0.5,Pantothenic Acid,1.7*,mg,0,NA
Neutral,0.5,1,Pantothenic Acid,1.8*,mg,0,NA
Neutral,1,3,Pantothenic Acid,2*,mg,0,NA
Neutral,4,8,Pantothenic Acid,3*,mg,0,NA
Male,9,13,Pantothenic Acid,4*,mg,0,NA
Male,14,18,Pantothenic Acid,5*,mg,0,NA
Male,19,30,Pantothenic Acid,5*,mg,0,NA
Male,31,50,Pantothenic Acid,5*,mg,0,NA
Male,51,70,Pantothenic Acid,5*,mg,0,NA
Male,70,200,Pantothenic Acid,5*,mg,0,NA
Female,9,13,Pantothenic Acid,4*,mg,0,NA
Female,14,18,Pantothenic Acid,5*,mg,0,NA
Female,19,30,Pantothenic Acid,5*,mg,0,NA
Female,31,50,Pantothenic Acid,5*,mg,0,NA
Female,51,70,Pantothenic Acid,5*,mg,0,NA
Female,70,200,Pantothenic Acid,5*,mg,0,NA
Pregnancy,14,18,Pantothenic Acid,6*,mg,0,NA
Pregnancy,19,30,Pantothenic Acid,6*,mg,0,NA
Pregnancy,31,50,Pantothenic Acid,6*,mg,0,NA
Lactation,14,18,Pantothenic Acid,7*,mg,0,NA
Lactation,19,30,Pantothenic Acid,7*,mg,0,NA
Lactation,31,50,Pantothenic Acid,7*,mg,0,NA
Neutral,0,0.5,Biotin,5*,ug,0,NA
Neutral,0.5,1,Biotin,6*,ug,0,NA
Neutral,1,3,Biotin,8*,ug,0,NA
Neutral,4,8,Biotin,12*,ug,0,NA
Male,9,13,Biotin,20*,ug,0,NA
Male,14,18,Biotin,25*,ug,0,NA
Male,19,30,Biotin,30*,ug,0,NA
Male,31,50,Biotin,30*,ug,0,NA
Male,51,70,Biotin,30*,ug,0,NA
Male,70,200,Biotin,30*,ug,0,NA
Female,9,13,Biotin,20*,ug,0,NA
Female,14,18,Biotin,25*,ug,0,NA
Female,19,30,Biotin,30*,ug,0,NA
Female,31,50,Biotin,30*,ug,0,NA
Female,51,70,Biotin,30*,ug,0,NA
Female,70,200,Biotin,30*,ug,0,NA
Pregnancy,14,18,Biotin,30*,ug,0,NA
Pregnancy,19,30,Biotin,30*,ug,0,NA
Pregnancy,31,50,Biotin,30*,ug,0,NA
Lactation,14,18,Biotin,35*,ug,0,NA
Lactation,19,30,Biotin,35*,ug,0,NA
Lactation,31,50,Biotin,35*,ug,0,NA
Neutral,0,0.5,Choline,125*,mg,0,NA
Neutral,0.5,1,Choline,150*,mg,0,NA
Neutral,1,3,Choline,200*,mg,0,1000.00
Neutral,4,8,Choline,250*,mg,0,1000.00
Male,9,13,Choline,375*,mg,0,2000.00
Male,14,18,Choline,550*,mg,0,3000.00
Male,19,30,Choline,550*,mg,0,3500.00
Male,31,50,Choline,550*,mg,0,3500.00
Male,51,70,Choline,550*,mg,0,3500.00
Male,70,200,Choline,550*,mg,0,3500.00
Female,9,13,Choline,375*,mg,0,2000.00
Female,14,18,Choline,400*,mg,0,3000.00
Female,19,30,Choline,425*,mg,0,3500.00
Female,31,50,Choline,425*,mg,0,3500.00
Female,51,70,Choline,425*,mg,0,3500.00
Female,70,200,Choline,425*,mg,0,3500.00
Pregnancy,14,18,Choline,450*,mg,0,3000.00
Pregnancy,19,30,Choline,450*,mg,0,3500.00
Pregnancy,31,50,Choline,450*,mg,0,3500.00
Lactation,14,18,Choline,550*,mg,0,3000.00
Lactation,19,30,Choline,550*,mg,0,3500.00
Lactation,31,50,Choline,550*,mg,0,3500.00
Neutral,0,0.5,Carbohydrate,60*,g,0,NA
Neutral,0.5,1,Carbohydrate,95*,g,0,NA
Neutral,1,3,Carbohydrate,130,g,1,NA
Neutral,4,8,Carbohydrate,130,g,1,NA
Male,9,13,Carbohydrate,130,g,1,NA
Male,14,18,Carbohydrate,130,g,1,NA
Male,19,30,Carbohydrate,130,g,1,NA
Male,31,50,Carbohydrate,130,g,1,NA
Male,51,70,Carbohydrate,130,g,1,NA
Male,70,200,Carbohydrate,130,g,1,NA
Female,9,13,Carbohydrate,130,g,1,NA
Female,14,18,Carbohydrate,130,g,1,NA
Female,19,30,Carbohydrate,130,g,1,NA
Female,31,50,Carbohydrate,130,g,1,NA
Female,51,70,Carbohydrate,130,g,1,NA
Female,70,200,Carbohydrate,130,g,1,NA
Pregnancy,14,18,Carbohydrate,175,g,1,NA
Pregnancy,19,30,Carbohydrate,175,g,1,NA
Pregnancy,31,50,Carbohydrate,175,g,1,NA
Lactation,14,18,Carbohydrate,210,g,1,NA
Lactation,19,30,Carbohydrate,210,g,1,NA
Lactation,31,50,Carbohydrate,210,g,1,NA
Neutral,0,0.5,Total Water,0.7*,L,0,NA
Neutral,0.5,1,Total Water,0.8*,L,0,NA
Neutral,1,3,Total Water,1.3*,L,0,NA
Neutral,4,8,Total Water,1.7*,L,0,NA
Male,9,13,Total Water,2.4*,L,0,NA
Male,14,18,Total Water,3.3*,L,0,NA
Male,19,30,Total Water,3.7*,L,0,NA
Male,31,50,Total Water,3.7*,L,0,NA
Male,51,70,Total Water,3.7*,L,0,NA
Male,70,200,Total Water,3.7*,L,0,NA
Female,9,13,Total Water,2.1*,L,0,NA
Female,14,18,Total Water,2.3*,L,0,NA
Female,19,30,Total Water,2.7*,L,0,NA
Female,31,50,Total Water,2.7*,L,0,NA
Female,51,70,Total Water,2.7*,L,0,NA
Female,70,200,Total Water,2.7*,L,0,NA
Pregnancy,14,18,Total Water,3.0*,L,0,NA
Pregnancy,19,30,Total Water,3.0*,L,0,NA
Pregnancy,31,50,Total Water,3.0*,L,0,NA
Lactation,14,18,Total Water,3.8*,L,0,NA
Lactation,19,30,Total Water,3.8*,L,0,NA
Lactation,31,50,Total Water,3.8*,L,0,NA
Neutral,0,0.5,Total Fiber,NA,g,0,NA
Neutral,0.5,1,Total Fiber,NA,g,0,NA
Neutral,1,3,Total Fiber,19*,g,0,NA
Neutral,4,8,Total Fiber,25*,g,0,NA
Male,9,13,Total Fiber,31*,g,0,NA
Male,14,18,Total Fiber,38*,g,0,NA
Male,19,30,Total Fiber,38*,g,0,NA
Male,31,50,Total Fiber,38*,g,0,NA
Male,51,70,Total Fiber,30*,g,0,NA
Male,70,200,Total Fiber,30*,g,0,NA
Female,9,13,Total Fiber,26*,g,0,NA
Female,14,18,Total Fiber,26*,g,0,NA
Female,19,30,Total Fiber,25*,g,0,NA
Female,31,50,Total Fiber,25*,g,0,NA
Female,51,70,Total Fiber,21*,g,0,NA
Female,70,200,Total Fiber,21*,g,0,NA
Pregnancy,14,18,Total Fiber,28*,g,0,NA
Pregnancy,19,30,Total Fiber,28*,g,0,NA
Pregnancy,31,50,Total Fiber,28*,g,0,NA
Lactation,14,18,Total Fiber,29*,g,0,NA
Lactation,19,30,Total Fiber,29*,g,0,NA
Lactation,31,50,Total Fiber,29*,g,0,NA
Neutral,0,0.5,Fat,31*,g,0,NA
Neutral,0.5,1,Fat,30*,g,0,NA
Neutral,1,3,Fat,NA,g,0,NA
Neutral,4,8,Fat,NA,g,0,NA
Male,9,13,Fat,NA,g,0,NA
Male,14,18,Fat,NA,g,0,NA
Male,19,30,Fat,NA,g,0,NA
Male,31,50,Fat,NA,g,0,NA
Male,51,70,Fat,NA,g,0,NA
Male,70,200,Fat,NA,g,0,NA
Female,9,13,Fat,NA,g,0,NA
Female,14,18,Fat,NA,g,0,NA
Female,19,30,Fat,NA,g,0,NA
Female,31,50,Fat,NA,g,0,NA
Female,51,70,Fat,NA,g,0,NA
Female,70,200,Fat,NA,g,0,NA
Pregnancy,14,18,Fat,NA,g,0,NA
Pregnancy,19,30,Fat,NA,g,0,NA
Pregnancy,31,50,Fat,NA,g,0,NA
Lactation,14,18,Fat,NA,g,0,NA
Lactation,19,30,Fat,NA,g,0,NA
Lactation,31,50,Fat,NA,g,0,NA
Neutral,0,0.5,Linoleic Acid,4.4*,g,0,NA
Neutral,0.5,1,Linoleic Acid,4.6*,g,0,NA
Neutral,1,3,Linoleic Acid,7*,g,0,NA
Neutral,4,8,Linoleic Acid,10*,g,0,NA
Male,9,13,Linoleic Acid,12*,g,0,NA
Male,14,18,Linoleic Acid,16*,g,0,NA
Male,19,30,Linoleic Acid,17*,g,0,NA
Male,31,50,Linoleic Acid,17*,g,0,NA
Male,51,70,Linoleic Acid,14*,g,0,NA
Male,70,200,Linoleic Acid,14*,g,0,NA
Female,9,13,Linoleic Acid,10*,g,0,NA
Female,14,18,Linoleic Acid,11*,g,0,NA
Female,19,30,Linoleic Acid,12*,g,0,NA
Female,31,50,Linoleic Acid,12*,g,0,NA
Female,51,70,Linoleic Acid,11*,g,0,NA
Female,70,200,Linoleic Acid,11*,g,0,NA
Pregnancy,14,18,Linoleic Acid,13*,g,0,NA
Pregnancy,19,30,Linoleic Acid,13*,g,0,NA
Pregnancy,31,50,Linoleic Acid,13*,g,0,NA
Lactation,14,18,Linoleic Acid,13*,g,0,NA
Lactation,19,30,Linoleic Acid,13*,g,0,NA
Lactation,31,50,Linoleic Acid,13*,g,0,NA
Neutral,0,0.5,alpha-Linolenic Acid,0.5*,g,0,NA
Neutral,0.5,1,alpha-Linolenic Acid,0.5*,g,0,NA
Neutral,1,3,alpha-Linolenic Acid,0.7*,g,0,NA
Neutral,4,8,alpha-Linolenic Acid,0.9*,g,0,NA
Male,9,13,alpha-Linolenic Acid,1.2*,g,0,NA
Male,14,18,alpha-Linolenic Acid,1.6*,g,0,NA
Male,19,30,alpha-Linolenic Acid,1.6*,g,0,NA
Male,31,50,alpha-Linolenic Acid,1.6*,g,0,NA
Male,51,70,alpha-Linolenic Acid,1.6*,g,0,NA
Male,70,200,alpha-Linolenic Acid,1.6*,g,0,NA
Female,9,13,alpha-Linolenic Acid,1.0*,g,0,NA
Female,14,18,alpha-Linolenic Acid,1.1*,g,0,NA
Female,19,30,alpha-Linolenic Acid,1.1*,g,0,NA
Female,31,50,alpha-Linolenic Acid,1.1*,g,0,NA
Female,51,70,alpha-Linolenic Acid,1.1*,g,0,NA
Female,70,200,alpha-Linolenic Acid,1.1*,g,0,NA
Pregnancy,14,18,alpha-Linolenic Acid,1.4*,g,0,NA
Pregnancy,19,30,alpha-Linolenic Acid,1.4*,g,0,NA
Pregnancy,31,50,alpha-Linolenic Acid,1.4*,g,0,NA
Lactation,14,18,alpha-Linolenic Acid,1.3*,g,0,NA
Lactation,19,30,alpha-Linolenic Acid,1.3*,g,0,NA
Lactation,31,50,alpha-Linolenic Acid,1.3*,g,0,NA
Neutral,0,0.5,Protein,9.1*,g,0,NA
Neutral,0.5,1,Protein,11,g,1,NA
Neutral,1,3,Protein,13,g,1,NA
Neutral,4,8,Protein,19,g,1,NA
Male,9,13,Protein,34,g,1,NA
Male,14,18,Protein,52,g,1,NA
Male,19,30,Protein,56,g,1,NA
Male,31,50,Protein,56,g,1,NA
Male,51,70,Protein,56,g,1,NA
Male,70,200,Protein,56,g,1,NA
Female,9,13,Protein,34,g,1,NA
Female,14,18,Protein,46,g,1,NA
Female,19,30,Protein,46,g,1,NA
Female,31,50,Protein,46,g,1,NA
Female,51,70,Protein,46,g,1,NA
Female,70,200,Protein,46,g,1,NA
Pregnancy,14,18,Protein,71,g,1,NA
Pregnancy,19,30,Protein,71,g,1,NA
Pregnancy,31,50,Protein,71,g,1,NA
Lactation,14,18,Protein,71,g,1,NA
Lactation,19,30,Protein,71,g,1,NA
Lactation,31,50,Protein,71,g,1,NA
Neutral,0.5,1,Boron,NA,mg,0,NA
Neutral,1,3,Boron,NA,mg,0,NA
Neutral,4,8,Boron,NA,mg,0,3.00
Male,9,13,Boron,NA,mg,0,6.00
Male,14,18,Boron,NA,mg,0,11.00
Male,19,30,Boron,NA,mg,0,17.00
Male,31,50,Boron,NA,mg,0,20.00
Male,51,70,Boron,NA,mg,0,20.00
Male,70,200,Boron,NA,mg,0,20.00
Female,9,13,Boron,NA,mg,0,20.00
Female,14,18,Boron,NA,mg,0,11.00
Female,19,30,Boron,NA,mg,0,17.00
Female,31,50,Boron,NA,mg,0,20.00
Female,51,70,Boron,NA,mg,0,20.00
Female,70,200,Boron,NA,mg,0,20.00
Pregnancy,14,18,Boron,NA,mg,0,20.00
Pregnancy,19,30,Boron,NA,mg,0,17.00
Pregnancy,31,50,Boron,NA,mg,0,20.00
Lactation,14,18,Boron,NA,mg,0,20.00
Lactation,19,30,Boron,NA,mg,0,17.00
Lactation,31,50,Boron,NA,mg,0,20.00
Lactation,31,50,Boron,NA,mg,0,20.00
Neutral,0.5,1,Nickel,NA,mg,0,NA
Neutral,1,3,Nickel,NA,mg,0,NA
Neutral,4,8,Nickel,NA,mg,0,0.20
Male,9,13,Nickel,NA,mg,0,0.30
Male,14,18,Nickel,NA,mg,0,0.60
Male,19,30,Nickel,NA,mg,0,1.00
Male,31,50,Nickel,NA,mg,0,1.00
Male,51,70,Nickel,NA,mg,0,1.00
Male,70,200,Nickel,NA,mg,0,1.00
Female,9,13,Nickel,NA,mg,0,1.00
Female,14,18,Nickel,NA,mg,0,0.60
Female,19,30,Nickel,NA,mg,0,1.00
Female,31,50,Nickel,NA,mg,0,1.00
Female,51,70,Nickel,NA,mg,0,1.00
Female,70,200,Nickel,NA,mg,0,1.00
Pregnancy,14,18,Nickel,NA,mg,0,1.00
Pregnancy,19,30,Nickel,NA,mg,0,1.00
Pregnancy,31,50,Nickel,NA,mg,0,1.00
Lactation,14,18,Nickel,NA,mg,0,1.00
Lactation,19,30,Nickel,NA,mg,0,1.00
Lactation,31,50,Nickel,NA,mg,0,1.00
Lactation,31,50,Nickel,NA,mg,0,1.00
Neutral,0.5,1,Vanadium,NA,mg,0,NA
Neutral,1,3,Vanadium,NA,mg,0,NA
Neutral,4,8,Vanadium,NA,mg,0,NA
Male,9,13,Vanadium,NA,mg,0,NA
Male,14,18,Vanadium,NA,mg,0,NA
Male,19,30,Vanadium,NA,mg,0,NA
Male,31,50,Vanadium,NA,mg,0,1.80
Male,51,70,Vanadium,NA,mg,0,1.80
Male,70,200,Vanadium,NA,mg,0,1.80
Female,9,13,Vanadium,NA,mg,0,1.80
Female,14,18,Vanadium,NA,mg,0,NA
Female,19,30,Vanadium,NA,mg,0,NA
Female,31,50,Vanadium,NA,mg,0,1.80
Female,51,70,Vanadium,NA,mg,0,1.80
Female,70,200,Vanadium,NA,mg,0,1.80
Pregnancy,14,18,Vanadium,NA,mg,0,1.80
Pregnancy,19,30,Vanadium,NA,mg,0,NA
Pregnancy,31,50,Vanadium,NA,mg,0,NA
Lactation,14,18,Vanadium,NA,mg,0,NA
Lactation,19,30,Vanadium,NA,mg,0,NA
Lactation,31,50,Vanadium,NA,mg,0,NA
Lactation,31,50,Vanadium,NA,mg,0,NA
Neutral,0,0.5,Histidine,214,mg/kg,1,NA
Neutral,0,0.5,Isoleucine,529,mg/kg,1,NA
Neutral,0,0.5,Leucine,938,mg/kg,1,NA
Neutral,0,0.5,Lysine,640,mg/kg,1,NA
Neutral,0,0.5,Methionine+cysteine,353,mg/kg,1,NA
Neutral,0,0.5,Phenylalanine+tyrosine,807,mg/kg,1,NA
Neutral,0,0.5,Threonine,436,mg/kg,1,NA
Neutral,0,0.5,Tryptophan,167,mg/kg,1,NA
Neutral,0,0.5,Valine,519,mg/kg,1,NA
Neutral,0.583,1,Histidine,32,mg/kg,1,NA
Neutral,0.583,1,Isoleucine,43,mg/kg,1,NA
Neutral,0.583,1,Leucine,93,mg/kg,1,NA
Neutral,0.583,1,Lysine,89,mg/kg,1,NA
Neutral,0.583,1,Methionine+cysteine,43,mg/kg,1,NA
Neutral,0.583,1,Phenylalanine+tyrosine,84,mg/kg,1,NA
Neutral,0.583,1,Threonine,49,mg/kg,1,NA
Neutral,0.583,1,Tryptophan,13,mg/kg,1,NA
Neutral,0.583,1,Valine,58,mg/kg,1,NA
Neutral,1,3,Histidine,21,mg/kg,1,NA
Neutral,1,3,Isoleucine,28,mg/kg,1,NA
Neutral,1,3,Leucine,63,mg/kg,1,NA
Neutral,1,3,Lysine,58,mg/kg,1,NA
Neutral,1,3,Methionine+cysteine,28,mg/kg,1,NA
Neutral,1,3,Phenylalanine+tyrosine,54,mg/kg,1,NA
Neutral,1,3,Threonine,32,mg/kg,1,NA
Neutral,1,3,Tryptophan,8,mg/kg,1,NA
Neutral,1,3,Valine,37,mg/kg,1,NA
Neutral,4,8,Histidine,16,mg/kg,1,NA
Neutral,4,8,Isoleucine,22,mg/kg,1,NA
Neutral,4,8,Leucine,49,mg/kg,1,NA
Neutral,4,8,Lysine,46,mg/kg,1,NA
Neutral,4,8,Methionine+cysteine,22,mg/kg,1,NA
Neutral,4,8,Phenylalanine+tyrosine,41,mg/kg,1,NA
Neutral,4,8,Threonine,24,mg/kg,1,NA
Neutral,4,8,Tryptophan,6,mg/kg,1,NA
Neutral,4,8,Valine,28,mg/kg,1,NA
Male,9,13,Histidine,17,mg/kg,1,NA
Male,9,13,Isoleucine,22,mg/kg,1,NA
Male,9,13,Leucine,49,mg/kg,1,NA
Male,9,13,Lysine,46,mg/kg,1,NA
Male,9,13,Methionine+cysteine,22,mg/kg,1,NA
Male,9,13,Phenylalanine+tyrosine,41,mg/kg,1,NA
Male,9,13,Threonine,24,mg/kg,1,NA
Male,9,13,Tryptophan,6,mg/kg,1,NA
Male,9,13,Valine,28,mg/kg,1,NA
Female,9,13,Histidine,15,mg/kg,1,NA
Female,9,13,Isoleucine,21,mg/kg,1,NA
Female,9,13,Leucine,47,mg/kg,1,NA
Female,9,13,Lysine,43,mg/kg,1,NA
Female,9,13,Methionine+cysteine,21,mg/kg,1,NA
Female,9,13,Phenylalanine+tyrosine,38,mg/kg,1,NA
Female,9,13,Threonine,22,mg/kg,1,NA
Female,9,13,Tryptophan,6,mg/kg,1,NA
Female,9,13,Valine,27,mg/kg,1,NA
Male,14,18,Histidine,15,mg/kg,1,NA
Male,14,18,Isoleucine,21,mg/kg,1,NA
Male,14,18,Leucine,47,mg/kg,1,NA
Male,14,18,Lysine,43,mg/kg,1,NA
Male,14,18,Methionine+cysteine,21,mg/kg,1,NA
Male,14,18,Phenylalanine+tyrosine,38,mg/kg,1,NA
Male,14,18,Threonine,22,mg/kg,1,NA
Male,14,18,Tryptophan,6,mg/kg,1,NA
Male,14,18,Valine,27,mg/kg,1,NA
Female,14,18,Histidine,14,mg/kg,1,NA
Female,14,18,Isoleucine,19,mg/kg,1,NA
Female,14,18,Leucine,44,mg/kg,1,NA
Female,14,18,Lysine,40,mg/kg,1,NA
Female,14,18,Methionine+cysteine,19,mg/kg,1,NA
Female,14,18,Phenylalanine+tyrosine,35,mg/kg,1,NA
Female,14,18,Threonine,21,mg/kg,1,NA
Female,14,18,Tryptophan,5,mg/kg,1,NA
Female,14,18,Valine,24,mg/kg,1,NA
Neutral,19,200,Histidine,14,mg/kg,1,NA
Neutral,19,200,Isoleucine,19,mg/kg,1,NA
Neutral,19,200,Leucine,42,mg/kg,1,NA
Neutral,19,200,Lysine,38,mg/kg,1,NA
Neutral,19,200,Methionine+cysteine,19,mg/kg,1,NA
Neutral,19,200,Phenylalanine+tyrosine,33,mg/kg,1,NA
Neutral,19,200,Threonine,20,mg/kg,1,NA
Neutral,19,200,Tryptophan,5,mg/kg,1,NA
Neutral,19,200,Valine,4,mg/kg,1,NA
Precnancy,0,200,Histidine,18,mg/kg,1,NA
Precnancy,0,200,Isoleucine,25,mg/kg,1,NA
Precnancy,0,200,Leucine,56,mg/kg,1,NA
Precnancy,0,200,Lysine,51,mg/kg,1,NA
Precnancy,0,200,Methionine+cysteine,25,mg/kg,1,NA
Precnancy,0,200,Phenylalanine+tyrosine,44,mg/kg,1,NA
Precnancy,0,200,Threonine,26,mg/kg,1,NA
Precnancy,0,200,Tryptophan,7,mg/kg,1,NA
Precnancy,0,200,Valine,31,mg/kg,1,NA
Lactation,0,200,Histidine,19,mg/kg,1,NA
Lactation,0,200,Isoleucine,30,mg/kg,1,NA
Lactation,0,200,Leucine,62,mg/kg,1,NA
Lactation,0,200,Lysine,52,mg/kg,1,NA
Lactation,0,200,Methionine+cysteine,26,mg/kg,1,NA
Lactation,0,200,Phenylalanine+tyrosine,51,mg/kg,1,NA
Lactation,0,200,Threonine,30,mg/kg,1,NA
Lactation,0,200,Tryptophan,9,mg/kg,1,NA
Lactation,0,200,Valine,35,mg/kg,1,NA
